trainCode,stationCode,expectedArrivalTime,actualArrivalTime,expectedDepartureTime,actualDepartureTime
11058,ASR,SRC,SRC,08:50 23-Feb,08:51 23-Feb
11058,JNL,09:04 23-Feb,09:15 23-Feb,09:06 23-Feb,09:17 23-Feb
11058,BEAS,09:23 23-Feb,09:40 23-Feb,09:25 23-Feb,09:43 23-Feb
11058,KRE,09:42 23-Feb,**UA**,09:44 23-Feb,**UA**
11058,JUC,10:08 23-Feb,10:22 23-Feb,10:15 23-Feb,10:25 23-Feb
11058,JRC,10:24 23-Feb,10:35 23-Feb,10:26 23-Feb,10:36 23-Feb
11058,PGW,10:38 23-Feb,10:50 23-Feb,10:40 23-Feb,10:52 23-Feb
11058,PHR,10:58 23-Feb,11:08 23-Feb,11:00 23-Feb,11:10 23-Feb
11058,LDH,11:30 23-Feb,11:28 23-Feb,11:45 23-Feb,11:45 23-Feb
11058,AHH,12:21 23-Feb,12:52 23-Feb,12:23 23-Feb,12:54 23-Feb
11058,MET,12:40 23-Feb,13:13 23-Feb,12:45 23-Feb,13:16 23-Feb
11058,DUI,13:25 23-Feb,13:31 23-Feb,13:45 23-Feb,13:47 23-Feb
11058,NBA,14:06 23-Feb,14:20 23-Feb,14:08 23-Feb,14:23 23-Feb
11058,PTA,14:40 23-Feb,14:54 23-Feb,14:45 23-Feb,14:57 23-Feb
11058,RPJ,15:22 23-Feb,15:31 23-Feb,15:25 23-Feb,15:33 23-Feb
11058,UBC,15:48 23-Feb,15:49 23-Feb,15:50 23-Feb,15:52 23-Feb
11058,UMB,16:10 23-Feb,16:05 23-Feb,16:23 23-Feb,16:26 23-Feb
11058,SHDM,16:37 23-Feb,16:45 23-Feb,16:39 23-Feb,16:46 23-Feb
11058,KKDE,16:55 23-Feb,17:04 23-Feb,16:57 23-Feb,17:06 23-Feb
11058,NLKR,17:10 23-Feb,17:21 23-Feb,17:12 23-Feb,17:23 23-Feb
11058,TRR,17:18 23-Feb,17:31 23-Feb,17:20 23-Feb,17:33 23-Feb
11058,KUN,17:30 23-Feb,17:45 23-Feb,17:32 23-Feb,17:47 23-Feb
11058,GRA,17:46 23-Feb,18:03 23-Feb,17:48 23-Feb,18:05 23-Feb
11058,PNP,18:01 23-Feb,18:19 23-Feb,18:03 23-Feb,18:21 23-Feb
11058,SMK,18:17 23-Feb,18:44 23-Feb,18:19 23-Feb,18:45 23-Feb
11058,GNU,18:30 23-Feb,18:57 23-Feb,18:32 23-Feb,18:58 23-Feb
11058,SNP,18:45 23-Feb,19:12 23-Feb,18:47 23-Feb,19:14 23-Feb
11058,RDDE,18:56 23-Feb,19:25 23-Feb,18:58 23-Feb,19:26 23-Feb
11058,NUR,19:09 23-Feb,19:34 23-Feb,19:11 23-Feb,19:40 23-Feb
11058,ANDI,19:24 23-Feb,20:01 23-Feb,19:26 23-Feb,20:06 23-Feb
11058,SZM,19:50 23-Feb,20:17 23-Feb,19:52 23-Feb,20:28 23-Feb
11058,NDLS,20:25 23-Feb,20:52 23-Feb,20:40 23-Feb,21:12 23-Feb
11058,NZM,20:51 23-Feb,21:29 23-Feb,20:53 23-Feb,21:32 23-Feb
11058,FDB,21:12 23-Feb,21:51 23-Feb,21:14 23-Feb,21:53 23-Feb
11058,BVH,21:23 23-Feb,22:02 23-Feb,21:25 23-Feb,22:04 23-Feb
11058,PWL,21:53 23-Feb,22:25 23-Feb,21:55 23-Feb,22:33 23-Feb
11058,KSV,22:28 23-Feb,23:14 23-Feb,22:30 23-Feb,23:16 23-Feb
11058,MTJ,23:00 23-Feb,23:51 23-Feb,23:05 23-Feb,00:05 24-Feb
11058,AGC,23:50 23-Feb,01:00 24-Feb,23:55 23-Feb,01:06 24-Feb
11058,DHO,00:48 24-Feb,02:01 24-Feb,00:50 24-Feb,02:04 24-Feb
11058,MRA,01:23 24-Feb,02:28 24-Feb,01:25 24-Feb,02:43 24-Feb
11058,GWL,01:55 24-Feb,03:18 24-Feb,01:57 24-Feb,03:22 24-Feb
11058,DBA,02:36 24-Feb,**UA**,02:38 24-Feb,**UA**
11058,DAA,03:10 24-Feb,04:31 24-Feb,03:12 24-Feb,04:42 24-Feb
11058,VGLB,04:05 24-Feb,05:20 24-Feb,04:13 24-Feb,05:28 24-Feb
11058,BAB,04:50 24-Feb,05:55 24-Feb,04:52 24-Feb,05:57 24-Feb
11058,TBT,05:24 24-Feb,06:33 24-Feb,05:26 24-Feb,06:35 24-Feb
11058,LAR,05:56 24-Feb,07:00 24-Feb,05:58 24-Feb,07:05 24-Feb
11058,DUA,06:19 24-Feb,07:27 24-Feb,06:20 24-Feb,07:29 24-Feb
11058,BINA,07:05 24-Feb,08:12 24-Feb,07:10 24-Feb,08:18 24-Feb
11058,MABA,07:28 24-Feb,08:40 24-Feb,07:30 24-Feb,08:42 24-Feb
11058,BAQ,07:50 24-Feb,09:05 24-Feb,07:52 24-Feb,09:07 24-Feb
11058,GLG,08:08 24-Feb,09:24 24-Feb,08:10 24-Feb,09:26 24-Feb
11058,BHS,08:29 24-Feb,09:45 24-Feb,08:31 24-Feb,09:47 24-Feb
11058,BPL,09:20 24-Feb,10:33 24-Feb,09:25 24-Feb,10:35 24-Feb
11058,RKMP,09:37 24-Feb,10:53 24-Feb,09:39 24-Feb,10:57 24-Feb
11058,MDDP,09:53 24-Feb,11:12 24-Feb,09:55 24-Feb,11:13 24-Feb
11058,ODG,10:08 24-Feb,11:28 24-Feb,10:10 24-Feb,11:30 24-Feb
11058,BNI,10:41 24-Feb,12:10 24-Feb,10:42 24-Feb,12:12 24-Feb
11058,NDPM,10:52 24-Feb,12:29 24-Feb,10:54 24-Feb,12:31 24-Feb
11058,ET,11:15 24-Feb,12:57 24-Feb,11:25 24-Feb,13:09 24-Feb
11058,BPF,11:53 24-Feb,13:39 24-Feb,11:55 24-Feb,13:52 24-Feb
11058,TBN,12:16 24-Feb,14:18 24-Feb,12:18 24-Feb,14:20 24-Feb
11058,HD,12:28 24-Feb,14:37 24-Feb,12:30 24-Feb,14:40 24-Feb
11058,KKN,12:55 24-Feb,15:01 24-Feb,12:57 24-Feb,15:03 24-Feb
11058,CAER,13:18 24-Feb,15:28 24-Feb,13:20 24-Feb,15:30 24-Feb
11058,TLV,13:43 24-Feb,15:52 24-Feb,13:45 24-Feb,15:54 24-Feb
11058,KNW,14:23 24-Feb,16:16 24-Feb,14:25 24-Feb,16:20 24-Feb
11058,NPNR,14:58 24-Feb,16:57 24-Feb,15:00 24-Feb,16:58 24-Feb
11058,BAU,15:23 24-Feb,17:21 24-Feb,15:25 24-Feb,17:22 24-Feb
11058,RV,15:41 24-Feb,17:40 24-Feb,15:43 24-Feb,17:42 24-Feb
11058,SAV,15:59 24-Feb,17:56 24-Feb,16:00 24-Feb,17:57 24-Feb
11058,BSL,16:35 24-Feb,18:23 24-Feb,16:40 24-Feb,18:39 24-Feb
11058,JL,17:08 24-Feb,19:11 24-Feb,17:10 24-Feb,19:18 24-Feb
11058,PC,17:42 24-Feb,19:56 24-Feb,17:44 24-Feb,19:58 24-Feb
11058,CSN,18:18 24-Feb,20:34 24-Feb,18:20 24-Feb,20:36 24-Feb
11058,MMR,19:18 24-Feb,21:22 24-Feb,19:20 24-Feb,21:31 24-Feb
11058,NK,20:17 24-Feb,22:19 24-Feb,20:20 24-Feb,22:23 24-Feb
11058,KYN,22:47 24-Feb,01:05 25-Feb,22:50 24-Feb,**UA**
11058,TNA,23:12 24-Feb,**UA**,23:15 24-Feb,**UA**
11058,DR,23:37 24-Feb,**UA**,23:40 24-Feb,**UA**
11058,CSMT,00:05 25-Feb,01:50 25-Feb,DSTN,DSTN
11058,ASR,SRC,SRC,08:50 24-Feb,08:51 24-Feb
11058,JNL,09:04 24-Feb,09:13 24-Feb,09:06 24-Feb,09:14 24-Feb
11058,BEAS,09:23 24-Feb,09:40 24-Feb,09:25 24-Feb,09:42 24-Feb
11058,KRE,09:42 24-Feb,09:59 24-Feb,09:44 24-Feb,10:00 24-Feb
11058,JUC,10:08 24-Feb,10:22 24-Feb,10:15 24-Feb,10:29 24-Feb
11058,JRC,10:24 24-Feb,10:40 24-Feb,10:26 24-Feb,10:42 24-Feb
11058,PGW,10:38 24-Feb,10:55 24-Feb,10:40 24-Feb,10:58 24-Feb
11058,PHR,10:58 24-Feb,11:14 24-Feb,11:00 24-Feb,11:16 24-Feb
11058,LDH,11:30 24-Feb,11:38 24-Feb,11:45 24-Feb,11:52 24-Feb
11058,AHH,12:21 24-Feb,12:32 24-Feb,12:23 24-Feb,12:35 24-Feb
11058,MET,12:40 24-Feb,13:05 24-Feb,12:45 24-Feb,13:07 24-Feb
11058,DUI,13:25 24-Feb,13:46 24-Feb,13:45 24-Feb,13:50 24-Feb
11058,NBA,14:06 24-Feb,14:20 24-Feb,14:08 24-Feb,14:22 24-Feb
11058,PTA,14:40 24-Feb,14:49 24-Feb,14:45 24-Feb,14:53 24-Feb
11058,RPJ,15:22 24-Feb,15:24 24-Feb,15:25 24-Feb,16:10 24-Feb
11058,UBC,15:48 24-Feb,16:26 24-Feb,15:50 24-Feb,16:29 24-Feb
11058,UMB,16:10 24-Feb,16:41 24-Feb,16:23 24-Feb,16:45 24-Feb
11058,SHDM,16:37 24-Feb,17:05 24-Feb,16:39 24-Feb,17:06 24-Feb
11058,KKDE,16:55 24-Feb,17:24 24-Feb,16:57 24-Feb,17:27 24-Feb
11058,NLKR,17:10 24-Feb,17:41 24-Feb,17:12 24-Feb,17:43 24-Feb
11058,TRR,17:18 24-Feb,17:51 24-Feb,17:20 24-Feb,18:01 24-Feb
11058,KUN,17:30 24-Feb,18:15 24-Feb,17:32 24-Feb,18:18 24-Feb
11058,GRA,17:46 24-Feb,18:32 24-Feb,17:48 24-Feb,18:34 24-Feb
11058,PNP,18:01 24-Feb,18:57 24-Feb,18:03 24-Feb,18:59 24-Feb
11058,SMK,18:17 24-Feb,19:21 24-Feb,18:19 24-Feb,19:22 24-Feb
11058,GNU,18:30 24-Feb,19:34 24-Feb,18:32 24-Feb,19:36 24-Feb
11058,SNP,18:45 24-Feb,19:50 24-Feb,18:47 24-Feb,19:52 24-Feb
11058,RDDE,18:56 24-Feb,20:04 24-Feb,18:58 24-Feb,**UA**
11058,NUR,19:09 24-Feb,20:14 24-Feb,19:11 24-Feb,20:16 24-Feb
11058,ANDI,19:24 24-Feb,20:31 24-Feb,19:26 24-Feb,20:32 24-Feb
11058,SZM,19:50 24-Feb,20:44 24-Feb,19:52 24-Feb,20:53 24-Feb
11058,NDLS,20:25 24-Feb,21:15 24-Feb,20:40 24-Feb,21:31 24-Feb
11058,NZM,20:51 24-Feb,21:47 24-Feb,20:53 24-Feb,21:57 24-Feb
11058,FDB,21:12 24-Feb,22:16 24-Feb,21:14 24-Feb,22:17 24-Feb
11058,BVH,21:23 24-Feb,22:26 24-Feb,21:25 24-Feb,22:28 24-Feb
11058,PWL,21:53 24-Feb,22:57 24-Feb,21:55 24-Feb,22:59 24-Feb
11058,KSV,22:28 24-Feb,23:37 24-Feb,22:30 24-Feb,23:39 24-Feb
11058,MTJ,23:00 24-Feb,**UA**,23:05 24-Feb,00:30 25-Feb
11058,AGC,23:50 24-Feb,01:35 25-Feb,23:55 24-Feb,01:43 25-Feb
11058,DHO,00:48 25-Feb,02:23 25-Feb,00:50 25-Feb,02:30 25-Feb
11058,MRA,01:23 25-Feb,02:53 25-Feb,01:25 25-Feb,02:55 25-Feb
11058,GWL,01:55 25-Feb,03:34 25-Feb,01:57 25-Feb,03:38 25-Feb
11058,DBA,02:36 25-Feb,04:23 25-Feb,02:38 25-Feb,04:26 25-Feb
11058,DAA,03:10 25-Feb,04:53 25-Feb,03:12 25-Feb,04:56 25-Feb
11058,VGLB,04:05 25-Feb,05:20 25-Feb,04:13 25-Feb,05:32 25-Feb
11058,BAB,04:50 25-Feb,06:04 25-Feb,04:52 25-Feb,06:06 25-Feb
11058,TBT,05:24 25-Feb,06:27 25-Feb,05:26 25-Feb,06:43 25-Feb
11058,LAR,05:56 25-Feb,07:12 25-Feb,05:58 25-Feb,07:28 25-Feb
11058,DUA,06:19 25-Feb,07:51 25-Feb,06:20 25-Feb,07:55 25-Feb
11058,BINA,07:05 25-Feb,08:35 25-Feb,07:10 25-Feb,08:39 25-Feb
11058,MABA,07:28 25-Feb,09:03 25-Feb,07:30 25-Feb,09:06 25-Feb
11058,BAQ,07:50 25-Feb,09:27 25-Feb,07:52 25-Feb,09:29 25-Feb
11058,GLG,08:08 25-Feb,09:48 25-Feb,08:10 25-Feb,10:01 25-Feb
11058,BHS,08:29 25-Feb,10:21 25-Feb,08:31 25-Feb,10:23 25-Feb
11058,BPL,09:20 25-Feb,11:07 25-Feb,09:25 25-Feb,11:24 25-Feb
11058,RKMP,09:37 25-Feb,11:34 25-Feb,09:39 25-Feb,11:38 25-Feb
11058,MDDP,09:53 25-Feb,11:53 25-Feb,09:55 25-Feb,11:55 25-Feb
11058,ODG,10:08 25-Feb,12:12 25-Feb,10:10 25-Feb,12:14 25-Feb
11058,BNI,10:41 25-Feb,12:51 25-Feb,10:42 25-Feb,12:53 25-Feb
11058,NDPM,10:52 25-Feb,13:03 25-Feb,10:54 25-Feb,13:05 25-Feb
11058,ET,11:15 25-Feb,13:32 25-Feb,11:25 25-Feb,13:56 25-Feb
11058,BPF,11:53 25-Feb,14:26 25-Feb,11:55 25-Feb,14:28 25-Feb
11058,TBN,12:16 25-Feb,14:49 25-Feb,12:18 25-Feb,14:51 25-Feb
11058,HD,12:28 25-Feb,15:04 25-Feb,12:30 25-Feb,15:06 25-Feb
11058,KKN,12:55 25-Feb,15:29 25-Feb,12:57 25-Feb,15:31 25-Feb
11058,CAER,13:18 25-Feb,16:00 25-Feb,13:20 25-Feb,16:03 25-Feb
11058,TLV,13:43 25-Feb,16:49 25-Feb,13:45 25-Feb,16:53 25-Feb
11058,KNW,14:23 25-Feb,17:11 25-Feb,14:25 25-Feb,17:15 25-Feb
11058,NPNR,14:58 25-Feb,17:54 25-Feb,15:00 25-Feb,17:56 25-Feb
11058,BAU,15:23 25-Feb,18:21 25-Feb,15:25 25-Feb,18:23 25-Feb
11058,RV,15:41 25-Feb,18:40 25-Feb,15:43 25-Feb,18:42 25-Feb
11058,SAV,15:59 25-Feb,18:56 25-Feb,16:00 25-Feb,18:57 25-Feb
11058,BSL,16:35 25-Feb,19:19 25-Feb,16:40 25-Feb,19:40 25-Feb
11058,JL,17:08 25-Feb,20:15 25-Feb,17:10 25-Feb,20:19 25-Feb
11058,PC,17:42 25-Feb,20:56 25-Feb,17:44 25-Feb,20:57 25-Feb
11058,CSN,18:18 25-Feb,21:30 25-Feb,18:20 25-Feb,21:32 25-Feb
11058,MMR,19:18 25-Feb,22:30 25-Feb,19:20 25-Feb,22:40 25-Feb
11058,NK,20:17 25-Feb,23:29 25-Feb,20:20 25-Feb,23:33 25-Feb
11058,KYN,22:47 25-Feb,03:35 26-Feb,22:50 25-Feb,03:38 26-Feb
11058,TNA,23:12 25-Feb,03:58 26-Feb,23:15 25-Feb,04:23 26-Feb
11058,DR,23:37 25-Feb,05:00 26-Feb,23:40 25-Feb,Cancelled
11058,CSMT,00:05 26-Feb,Cancelled,DSTN,DSTN
11058,ASR,SRC,SRC,08:50 25-Feb,08:51 25-Feb
11058,JNL,09:04 25-Feb,09:14 25-Feb,09:06 25-Feb,09:16 25-Feb
11058,BEAS,09:23 25-Feb,09:38 25-Feb,09:25 25-Feb,**UA**
11058,KRE,09:42 25-Feb,09:57 25-Feb,09:44 25-Feb,09:59 25-Feb
11058,JUC,10:08 25-Feb,10:22 25-Feb,10:15 25-Feb,10:31 25-Feb
11058,JRC,10:24 25-Feb,10:41 25-Feb,10:26 25-Feb,10:43 25-Feb
11058,PGW,10:38 25-Feb,10:57 25-Feb,10:40 25-Feb,11:00 25-Feb
11058,PHR,10:58 25-Feb,11:17 25-Feb,11:00 25-Feb,11:18 25-Feb
11058,LDH,11:30 25-Feb,11:42 25-Feb,11:45 25-Feb,11:46 25-Feb
11058,AHH,12:21 25-Feb,12:27 25-Feb,12:23 25-Feb,12:29 25-Feb
11058,MET,12:40 25-Feb,12:46 25-Feb,12:45 25-Feb,12:49 25-Feb
11058,DUI,13:25 25-Feb,13:16 25-Feb,13:45 25-Feb,13:53 25-Feb
11058,NBA,14:06 25-Feb,14:22 25-Feb,14:08 25-Feb,14:33 25-Feb
11058,PTA,14:40 25-Feb,15:00 25-Feb,14:45 25-Feb,15:05 25-Feb
11058,RPJ,15:22 25-Feb,15:33 25-Feb,15:25 25-Feb,15:38 25-Feb
11058,UBC,15:48 25-Feb,15:55 25-Feb,15:50 25-Feb,15:57 25-Feb
11058,UMB,16:10 25-Feb,16:11 25-Feb,16:23 25-Feb,16:23 25-Feb
11058,SHDM,16:37 25-Feb,16:43 25-Feb,16:39 25-Feb,16:45 25-Feb
11058,KKDE,16:55 25-Feb,17:02 25-Feb,16:57 25-Feb,17:04 25-Feb
11058,NLKR,17:10 25-Feb,17:18 25-Feb,17:12 25-Feb,17:20 25-Feb
11058,TRR,17:18 25-Feb,17:28 25-Feb,17:20 25-Feb,17:29 25-Feb
11058,KUN,17:30 25-Feb,17:42 25-Feb,17:32 25-Feb,17:44 25-Feb
11058,GRA,17:46 25-Feb,18:01 25-Feb,17:48 25-Feb,18:03 25-Feb
11058,PNP,18:01 25-Feb,18:22 25-Feb,18:03 25-Feb,18:24 25-Feb
11058,SMK,18:17 25-Feb,18:45 25-Feb,18:19 25-Feb,18:47 25-Feb
11058,GNU,18:30 25-Feb,18:58 25-Feb,18:32 25-Feb,19:00 25-Feb
11058,SNP,18:45 25-Feb,19:20 25-Feb,18:47 25-Feb,19:23 25-Feb
11058,RDDE,18:56 25-Feb,19:34 25-Feb,18:58 25-Feb,19:35 25-Feb
11058,NUR,19:09 25-Feb,19:44 25-Feb,19:11 25-Feb,19:46 25-Feb
11058,ANDI,19:24 25-Feb,20:00 25-Feb,19:26 25-Feb,20:02 25-Feb
11058,SZM,19:50 25-Feb,20:11 25-Feb,19:52 25-Feb,20:20 25-Feb
11058,NDLS,20:25 25-Feb,20:37 25-Feb,20:40 25-Feb,20:52 25-Feb
11058,NZM,20:51 25-Feb,21:07 25-Feb,20:53 25-Feb,21:09 25-Feb
11058,FDB,21:12 25-Feb,21:30 25-Feb,21:14 25-Feb,21:32 25-Feb
11058,BVH,21:23 25-Feb,21:40 25-Feb,21:25 25-Feb,21:42 25-Feb
11058,PWL,21:53 25-Feb,22:01 25-Feb,21:55 25-Feb,22:03 25-Feb
11058,KSV,22:28 25-Feb,22:39 25-Feb,22:30 25-Feb,22:42 25-Feb
11058,MTJ,23:00 25-Feb,23:15 25-Feb,23:05 25-Feb,23:20 25-Feb
11058,AGC,23:50 25-Feb,00:20 26-Feb,23:55 25-Feb,00:26 26-Feb
11058,DHO,00:48 26-Feb,01:09 26-Feb,00:50 26-Feb,01:11 26-Feb
11058,MRA,01:23 26-Feb,01:32 26-Feb,01:25 26-Feb,01:50 26-Feb
11058,GWL,01:55 26-Feb,02:45 26-Feb,01:57 26-Feb,02:49 26-Feb
11058,DBA,02:36 26-Feb,03:26 26-Feb,02:38 26-Feb,03:28 26-Feb
11058,DAA,03:10 26-Feb,03:57 26-Feb,03:12 26-Feb,04:00 26-Feb
11058,VGLB,04:05 26-Feb,04:20 26-Feb,04:13 26-Feb,04:37 26-Feb
11058,BAB,04:50 26-Feb,05:04 26-Feb,04:52 26-Feb,05:05 26-Feb
11058,TBT,05:24 26-Feb,05:29 26-Feb,05:26 26-Feb,05:44 26-Feb
11058,LAR,05:56 26-Feb,06:13 26-Feb,05:58 26-Feb,06:15 26-Feb
11058,DUA,06:19 26-Feb,06:37 26-Feb,06:20 26-Feb,06:40 26-Feb
11058,BINA,07:05 26-Feb,07:12 26-Feb,07:10 26-Feb,07:17 26-Feb
11058,MABA,07:28 26-Feb,07:36 26-Feb,07:30 26-Feb,07:39 26-Feb
11058,BAQ,07:50 26-Feb,08:00 26-Feb,07:52 26-Feb,08:03 26-Feb
11058,GLG,08:08 26-Feb,08:28 26-Feb,08:10 26-Feb,08:31 26-Feb
11058,BHS,08:29 26-Feb,08:48 26-Feb,08:31 26-Feb,08:51 26-Feb
11058,BPL,09:20 26-Feb,09:49 26-Feb,09:25 26-Feb,10:01 26-Feb
11058,RKMP,09:37 26-Feb,10:13 26-Feb,09:39 26-Feb,10:15 26-Feb
11058,MDDP,09:53 26-Feb,10:29 26-Feb,09:55 26-Feb,10:32 26-Feb
11058,ODG,10:08 26-Feb,10:44 26-Feb,10:10 26-Feb,10:57 26-Feb
11058,BNI,10:41 26-Feb,12:43 26-Feb,10:42 26-Feb,12:45 26-Feb
11058,NDPM,10:52 26-Feb,12:56 26-Feb,10:54 26-Feb,12:58 26-Feb
11058,ET,11:15 26-Feb,13:29 26-Feb,11:25 26-Feb,13:39 26-Feb
11058,BPF,11:53 26-Feb,14:07 26-Feb,11:55 26-Feb,14:09 26-Feb
11058,TBN,12:16 26-Feb,14:30 26-Feb,12:18 26-Feb,14:33 26-Feb
11058,HD,12:28 26-Feb,14:46 26-Feb,12:30 26-Feb,14:48 26-Feb
11058,KKN,12:55 26-Feb,15:10 26-Feb*,12:57 26-Feb,15:11 26-Feb*
11058,CAER,13:18 26-Feb,15:32 26-Feb*,13:20 26-Feb,15:33 26-Feb*
11058,TLV,13:43 26-Feb,15:56 26-Feb*,13:45 26-Feb,15:57 26-Feb*
11058,KNW  PF 1*,14:23 26-Feb,16:19 26-Feb*,14:25 26-Feb,16:20 26-Feb*
11058,NPNR  PF 2*,14:58 26-Feb,16:53 26-Feb*,15:00 26-Feb,16:54 26-Feb*
11058,BAU  PF 1*,15:23 26-Feb,17:17 26-Feb*,15:25 26-Feb,17:18 26-Feb*
11058,RV  PF 2*,15:41 26-Feb,17:34 26-Feb*,15:43 26-Feb,17:35 26-Feb*
11058,SAV  PF 2*,15:59 26-Feb,17:50 26-Feb*,16:00 26-Feb,17:51 26-Feb*
11058,BSL  PF 4*,16:35 26-Feb,18:20 26-Feb*,16:40 26-Feb,18:21 26-Feb*
11058,JL  PF 2*,17:08 26-Feb,18:49 26-Feb*,17:10 26-Feb,18:50 26-Feb*
11058,PC  PF 1*,17:42 26-Feb,19:20 26-Feb*,17:44 26-Feb,19:21 26-Feb*
11058,CSN  PF 3*,18:18 26-Feb,19:51 26-Feb*,18:20 26-Feb,19:52 26-Feb*
11058,MMR  PF 3*,19:18 26-Feb,20:43 26-Feb*,19:20 26-Feb,20:44 26-Feb*
11058,NK  PF 3*,20:17 26-Feb,21:33 26-Feb*,20:20 26-Feb,21:34 26-Feb*
11058,KYN  PF 4*,22:47 26-Feb,23:50 26-Feb*,22:50 26-Feb,23:51 26-Feb*
11058,TNA  PF 6*,23:12 26-Feb,00:04 27-Feb*,23:15 26-Feb,00:05 27-Feb*
11058,DR  PF 6*,23:37 26-Feb,00:24 27-Feb*,23:40 26-Feb,00:25 27-Feb*
11058,CSMT  PF 14*,00:05 27-Feb,00:32 27-Feb*,DSTN,DSTN
11058,ASR,SRC,SRC,08:50 26-Feb,08:50 26-Feb
11058,JNL,09:04 26-Feb,09:09 26-Feb,09:06 26-Feb,09:10 26-Feb
11058,BEAS,09:23 26-Feb,09:30 26-Feb,09:25 26-Feb,09:33 26-Feb
11058,KRE,09:42 26-Feb,09:50 26-Feb,09:44 26-Feb,09:51 26-Feb
11058,JUC,10:08 26-Feb,10:11 26-Feb,10:15 26-Feb,10:16 26-Feb
11058,JRC,10:24 26-Feb,10:29 26-Feb,10:26 26-Feb,10:31 26-Feb
11058,PGW,10:38 26-Feb,10:43 26-Feb,10:40 26-Feb,10:45 26-Feb
11058,PHR,10:58 26-Feb,11:01 26-Feb,11:00 26-Feb,11:03 26-Feb
11058,LDH,11:30 26-Feb,11:24 26-Feb,11:45 26-Feb,11:45 26-Feb
11058,AHH,12:21 26-Feb,12:37 26-Feb,12:23 26-Feb,12:40 26-Feb
11058,MET,12:40 26-Feb,12:56 26-Feb,12:45 26-Feb,12:59 26-Feb
11058,DUI,13:25 26-Feb,13:20 26-Feb,13:45 26-Feb,13:45 26-Feb
11058,NBA,14:06 26-Feb,14:14 26-Feb,14:08 26-Feb,14:15 26-Feb
11058,PTA,14:40 26-Feb,14:42 26-Feb,14:45 26-Feb,**UA**
11058,RPJ,15:22 26-Feb,15:22 26-Feb*,15:25 26-Feb,15:25 26-Feb*
11058,UBC,15:48 26-Feb,15:48 26-Feb*,15:50 26-Feb,15:50 26-Feb*
11058,UMB  PF 1*,16:10 26-Feb,16:10 26-Feb*,16:23 26-Feb,16:23 26-Feb*
11058,SHDM  PF 1*,16:37 26-Feb,16:37 26-Feb*,16:39 26-Feb,16:39 26-Feb*
11058,KKDE  PF 2*,16:55 26-Feb,16:55 26-Feb*,16:57 26-Feb,16:57 26-Feb*
11058,NLKR  PF 1*,17:10 26-Feb,17:10 26-Feb*,17:12 26-Feb,17:12 26-Feb*
11058,TRR  PF 2*,17:18 26-Feb,17:18 26-Feb*,17:20 26-Feb,17:20 26-Feb*
11058,KUN  PF 3*,17:30 26-Feb,17:30 26-Feb*,17:32 26-Feb,17:32 26-Feb*
11058,GRA  PF 1*,17:46 26-Feb,17:46 26-Feb*,17:48 26-Feb,17:48 26-Feb*
11058,PNP  PF 2*,18:01 26-Feb,18:01 26-Feb*,18:03 26-Feb,18:03 26-Feb*
11058,SMK  PF 1*,18:17 26-Feb,18:17 26-Feb*,18:19 26-Feb,18:19 26-Feb*
11058,GNU  PF 1*,18:30 26-Feb,18:30 26-Feb*,18:32 26-Feb,18:32 26-Feb*
11058,SNP  PF 1*,18:45 26-Feb,18:45 26-Feb*,18:47 26-Feb,18:47 26-Feb*
11058,RDDE  PF 1*,18:56 26-Feb,18:56 26-Feb*,18:58 26-Feb,18:58 26-Feb*
11058,NUR  PF 1*,19:09 26-Feb,19:09 26-Feb*,19:11 26-Feb,19:11 26-Feb*
11058,ANDI  PF 1*,19:24 26-Feb,19:24 26-Feb*,19:26 26-Feb,19:26 26-Feb*
11058,SZM  PF 2*,19:50 26-Feb,19:50 26-Feb*,19:52 26-Feb,19:52 26-Feb*
11058,NDLS  PF 7*,20:25 26-Feb,20:25 26-Feb*,20:40 26-Feb,20:40 26-Feb*
11058,NZM  PF 4*,20:51 26-Feb,20:51 26-Feb*,20:53 26-Feb,20:53 26-Feb*
11058,FDB  PF 3*,21:12 26-Feb,21:12 26-Feb*,21:14 26-Feb,21:14 26-Feb*
11058,BVH  PF 5*,21:23 26-Feb,21:23 26-Feb*,21:25 26-Feb,21:25 26-Feb*
11058,PWL  PF 5*,21:53 26-Feb,21:53 26-Feb*,21:55 26-Feb,21:55 26-Feb*
11058,KSV  PF 4*,22:28 26-Feb,22:28 26-Feb*,22:30 26-Feb,22:30 26-Feb*
11058,MTJ  PF 6*,23:00 26-Feb,23:00 26-Feb*,23:05 26-Feb,23:05 26-Feb*
11058,AGC  PF 1*,23:50 26-Feb,23:50 26-Feb*,23:55 26-Feb,23:55 26-Feb*
11058,DHO,00:48 27-Feb,00:48 27-Feb*,00:50 27-Feb,00:50 27-Feb*
11058,MRA  PF 1*,01:23 27-Feb,01:23 27-Feb*,01:25 27-Feb,01:25 27-Feb*
11058,GWL  PF 1*,01:55 27-Feb,01:55 27-Feb*,01:57 27-Feb,01:57 27-Feb*
11058,DBA  PF 3*,02:36 27-Feb,02:36 27-Feb*,02:38 27-Feb,02:38 27-Feb*
11058,DAA  PF 4*,03:10 27-Feb,03:10 27-Feb*,03:12 27-Feb,03:12 27-Feb*
11058,VGLB  PF 3*,04:05 27-Feb,04:05 27-Feb*,04:13 27-Feb,04:13 27-Feb*
11058,BAB,04:50 27-Feb,04:50 27-Feb*,04:52 27-Feb,04:52 27-Feb*
11058,TBT  PF 4*,05:24 27-Feb,05:24 27-Feb*,05:26 27-Feb,05:26 27-Feb*
11058,LAR  PF 2*,05:56 27-Feb,05:56 27-Feb*,05:58 27-Feb,05:58 27-Feb*
11058,DUA,06:19 27-Feb,06:19 27-Feb*,06:20 27-Feb,06:20 27-Feb*
11058,BINA,07:05 27-Feb,07:05 27-Feb*,07:10 27-Feb,07:10 27-Feb*
11058,MABA,07:28 27-Feb,07:28 27-Feb*,07:30 27-Feb,07:30 27-Feb*
11058,BAQ,07:50 27-Feb,07:50 27-Feb*,07:52 27-Feb,07:52 27-Feb*
11058,GLG,08:08 27-Feb,08:08 27-Feb*,08:10 27-Feb,08:10 27-Feb*
11058,BHS,08:29 27-Feb,08:29 27-Feb*,08:31 27-Feb,08:31 27-Feb*
11058,BPL,09:20 27-Feb,09:20 27-Feb*,09:25 27-Feb,09:25 27-Feb*
11058,RKMP,09:37 27-Feb,09:37 27-Feb*,09:39 27-Feb,09:39 27-Feb*
11058,MDDP,09:53 27-Feb,09:53 27-Feb*,09:55 27-Feb,09:55 27-Feb*
11058,ODG,10:08 27-Feb,10:08 27-Feb*,10:10 27-Feb,10:10 27-Feb*
11058,BNI,10:41 27-Feb,10:41 27-Feb*,10:42 27-Feb,10:42 27-Feb*
11058,NDPM,10:52 27-Feb,10:52 27-Feb*,10:54 27-Feb,10:54 27-Feb*
11058,ET,11:15 27-Feb,11:15 27-Feb*,11:25 27-Feb,11:25 27-Feb*
11058,BPF,11:53 27-Feb,11:53 27-Feb*,11:55 27-Feb,11:55 27-Feb*
11058,TBN,12:16 27-Feb,12:16 27-Feb*,12:18 27-Feb,12:18 27-Feb*
11058,HD,12:28 27-Feb,12:28 27-Feb*,12:30 27-Feb,12:30 27-Feb*
11058,KKN,12:55 27-Feb,12:55 27-Feb*,12:57 27-Feb,12:57 27-Feb*
11058,CAER,13:18 27-Feb,13:18 27-Feb*,13:20 27-Feb,13:20 27-Feb*
11058,TLV,13:43 27-Feb,13:43 27-Feb*,13:45 27-Feb,13:45 27-Feb*
11058,KNW  PF 1*,14:23 27-Feb,14:23 27-Feb*,14:25 27-Feb,14:25 27-Feb*
11058,NPNR  PF 2*,14:58 27-Feb,14:58 27-Feb*,15:00 27-Feb,15:00 27-Feb*
11058,BAU  PF 1*,15:23 27-Feb,15:23 27-Feb*,15:25 27-Feb,15:25 27-Feb*
11058,RV  PF 2*,15:41 27-Feb,15:41 27-Feb*,15:43 27-Feb,15:43 27-Feb*
11058,SAV  PF 2*,15:59 27-Feb,15:59 27-Feb*,16:00 27-Feb,16:00 27-Feb*
11058,BSL  PF 4*,16:35 27-Feb,16:35 27-Feb*,16:40 27-Feb,16:40 27-Feb*
11058,JL  PF 2*,17:08 27-Feb,17:08 27-Feb*,17:10 27-Feb,17:10 27-Feb*
11058,PC  PF 1*,17:42 27-Feb,17:42 27-Feb*,17:44 27-Feb,17:44 27-Feb*
11058,CSN  PF 3*,18:18 27-Feb,18:18 27-Feb*,18:20 27-Feb,18:20 27-Feb*
11058,MMR  PF 3*,19:18 27-Feb,19:18 27-Feb*,19:20 27-Feb,19:20 27-Feb*
11058,NK  PF 3*,20:17 27-Feb,20:17 27-Feb*,20:20 27-Feb,20:20 27-Feb*
11058,KYN  PF 4*,22:47 27-Feb,22:47 27-Feb*,22:50 27-Feb,22:50 27-Feb*
11058,TNA  PF 6*,23:12 27-Feb,23:12 27-Feb*,23:15 27-Feb,23:15 27-Feb*
11058,DR  PF 6*,23:37 27-Feb,23:37 27-Feb*,23:40 27-Feb,23:40 27-Feb*
11058,CSMT  PF 14*,00:05 28-Feb,00:05 28-Feb*,DSTN,DSTN
11058,ASR,SRC,SRC,08:50 27-Feb,08:50 27-Feb*
11058,JNL,09:04 27-Feb,09:04 27-Feb*,09:06 27-Feb,09:06 27-Feb*
11058,BEAS,09:23 27-Feb,09:23 27-Feb*,09:25 27-Feb,09:25 27-Feb*
11058,KRE,09:42 27-Feb,09:42 27-Feb*,09:44 27-Feb,09:44 27-Feb*
11058,JUC,10:08 27-Feb,10:08 27-Feb*,10:15 27-Feb,10:15 27-Feb*
11058,JRC,10:24 27-Feb,10:24 27-Feb*,10:26 27-Feb,10:26 27-Feb*
11058,PGW  PF 1*,10:38 27-Feb,10:38 27-Feb*,10:40 27-Feb,10:40 27-Feb*
11058,PHR,10:58 27-Feb,10:58 27-Feb*,11:00 27-Feb,11:00 27-Feb*
11058,LDH  PF 5*,11:30 27-Feb,11:30 27-Feb*,11:45 27-Feb,11:45 27-Feb*
11058,AHH,12:21 27-Feb,12:21 27-Feb*,12:23 27-Feb,12:23 27-Feb*
11058,MET,12:40 27-Feb,12:40 27-Feb*,12:45 27-Feb,12:45 27-Feb*
11058,DUI,13:25 27-Feb,13:25 27-Feb*,13:45 27-Feb,13:45 27-Feb*
11058,NBA,14:06 27-Feb,14:06 27-Feb*,14:08 27-Feb,14:08 27-Feb*
11058,PTA,14:40 27-Feb,14:40 27-Feb*,14:45 27-Feb,14:45 27-Feb*
11058,RPJ,15:22 27-Feb,15:22 27-Feb*,15:25 27-Feb,15:25 27-Feb*
11058,UBC,15:48 27-Feb,15:48 27-Feb*,15:50 27-Feb,15:50 27-Feb*
11058,UMB  PF 1*,16:10 27-Feb,16:10 27-Feb*,16:23 27-Feb,16:23 27-Feb*
11058,SHDM  PF 1*,16:37 27-Feb,16:37 27-Feb*,16:39 27-Feb,16:39 27-Feb*
11058,KKDE  PF 2*,16:55 27-Feb,16:55 27-Feb*,16:57 27-Feb,16:57 27-Feb*
11058,NLKR  PF 1*,17:10 27-Feb,17:10 27-Feb*,17:12 27-Feb,17:12 27-Feb*
11058,TRR  PF 2*,17:18 27-Feb,17:18 27-Feb*,17:20 27-Feb,17:20 27-Feb*
11058,KUN  PF 3*,17:30 27-Feb,17:30 27-Feb*,17:32 27-Feb,17:32 27-Feb*
11058,GRA  PF 1*,17:46 27-Feb,17:46 27-Feb*,17:48 27-Feb,17:48 27-Feb*
11058,PNP  PF 2*,18:01 27-Feb,18:01 27-Feb*,18:03 27-Feb,18:03 27-Feb*
11058,SMK  PF 1*,18:17 27-Feb,18:17 27-Feb*,18:19 27-Feb,18:19 27-Feb*
11058,GNU  PF 1*,18:30 27-Feb,18:30 27-Feb*,18:32 27-Feb,18:32 27-Feb*
11058,SNP  PF 1*,18:45 27-Feb,18:45 27-Feb*,18:47 27-Feb,18:47 27-Feb*
11058,RDDE  PF 1*,18:56 27-Feb,18:56 27-Feb*,18:58 27-Feb,18:58 27-Feb*
11058,NUR  PF 1*,19:09 27-Feb,19:09 27-Feb*,19:11 27-Feb,19:11 27-Feb*
11058,ANDI  PF 1*,19:24 27-Feb,19:24 27-Feb*,19:26 27-Feb,19:26 27-Feb*
11058,SZM  PF 2*,19:50 27-Feb,19:50 27-Feb*,19:52 27-Feb,19:52 27-Feb*
11058,NDLS  PF 7*,20:25 27-Feb,20:25 27-Feb*,20:40 27-Feb,20:40 27-Feb*
11058,NZM  PF 4*,20:51 27-Feb,20:51 27-Feb*,20:53 27-Feb,20:53 27-Feb*
11058,FDB  PF 3*,21:12 27-Feb,21:12 27-Feb*,21:14 27-Feb,21:14 27-Feb*
11058,BVH  PF 5*,21:23 27-Feb,21:23 27-Feb*,21:25 27-Feb,21:25 27-Feb*
11058,PWL  PF 5*,21:53 27-Feb,21:53 27-Feb*,21:55 27-Feb,21:55 27-Feb*
11058,KSV  PF 4*,22:28 27-Feb,22:28 27-Feb*,22:30 27-Feb,22:30 27-Feb*
11058,MTJ  PF 6*,23:00 27-Feb,23:00 27-Feb*,23:05 27-Feb,23:05 27-Feb*
11058,AGC  PF 1*,23:50 27-Feb,23:50 27-Feb*,23:55 27-Feb,23:55 27-Feb*
11058,DHO,00:48 28-Feb,00:48 28-Feb*,00:50 28-Feb,00:50 28-Feb*
11058,MRA  PF 1*,01:23 28-Feb,01:23 28-Feb*,01:25 28-Feb,01:25 28-Feb*
11058,GWL  PF 1*,01:55 28-Feb,01:55 28-Feb*,01:57 28-Feb,01:57 28-Feb*
11058,DBA  PF 3*,02:36 28-Feb,02:36 28-Feb*,02:38 28-Feb,02:38 28-Feb*
11058,DAA  PF 4*,03:10 28-Feb,03:10 28-Feb*,03:12 28-Feb,03:12 28-Feb*
11058,VGLB  PF 3*,04:05 28-Feb,04:05 28-Feb*,04:13 28-Feb,04:13 28-Feb*
11058,BAB,04:50 28-Feb,04:50 28-Feb*,04:52 28-Feb,04:52 28-Feb*
11058,TBT  PF 4*,05:24 28-Feb,05:24 28-Feb*,05:26 28-Feb,05:26 28-Feb*
11058,LAR  PF 2*,05:56 28-Feb,05:56 28-Feb*,05:58 28-Feb,05:58 28-Feb*
11058,DUA,06:19 28-Feb,06:19 28-Feb*,06:20 28-Feb,06:20 28-Feb*
11058,BINA,07:05 28-Feb,07:05 28-Feb*,07:10 28-Feb,07:10 28-Feb*
11058,MABA,07:28 28-Feb,07:28 28-Feb*,07:30 28-Feb,07:30 28-Feb*
11058,BAQ,07:50 28-Feb,07:50 28-Feb*,07:52 28-Feb,07:52 28-Feb*
11058,GLG,08:08 28-Feb,08:08 28-Feb*,08:10 28-Feb,08:10 28-Feb*
11058,BHS,08:29 28-Feb,08:29 28-Feb*,08:31 28-Feb,08:31 28-Feb*
11058,BPL,09:20 28-Feb,09:20 28-Feb*,09:25 28-Feb,09:25 28-Feb*
11058,RKMP,09:37 28-Feb,09:37 28-Feb*,09:39 28-Feb,09:39 28-Feb*
11058,MDDP,09:53 28-Feb,09:53 28-Feb*,09:55 28-Feb,09:55 28-Feb*
11058,ODG,10:08 28-Feb,10:08 28-Feb*,10:10 28-Feb,10:10 28-Feb*
11058,BNI,10:41 28-Feb,10:41 28-Feb*,10:42 28-Feb,10:42 28-Feb*
11058,NDPM,10:52 28-Feb,10:52 28-Feb*,10:54 28-Feb,10:54 28-Feb*
11058,ET,11:15 28-Feb,11:15 28-Feb*,11:25 28-Feb,11:25 28-Feb*
11058,BPF,11:53 28-Feb,11:53 28-Feb*,11:55 28-Feb,11:55 28-Feb*
11058,TBN,12:16 28-Feb,12:16 28-Feb*,12:18 28-Feb,12:18 28-Feb*
11058,HD,12:28 28-Feb,12:28 28-Feb*,12:30 28-Feb,12:30 28-Feb*
11058,KKN,12:55 28-Feb,12:55 28-Feb*,12:57 28-Feb,12:57 28-Feb*
11058,CAER,13:18 28-Feb,13:18 28-Feb*,13:20 28-Feb,13:20 28-Feb*
11058,TLV,13:43 28-Feb,13:43 28-Feb*,13:45 28-Feb,13:45 28-Feb*
11058,KNW  PF 1*,14:23 28-Feb,14:23 28-Feb*,14:25 28-Feb,14:25 28-Feb*
11058,NPNR  PF 2*,14:58 28-Feb,14:58 28-Feb*,15:00 28-Feb,15:00 28-Feb*
11058,BAU  PF 1*,15:23 28-Feb,15:23 28-Feb*,15:25 28-Feb,15:25 28-Feb*
11058,RV  PF 2*,15:41 28-Feb,15:41 28-Feb*,15:43 28-Feb,15:43 28-Feb*
11058,SAV  PF 2*,15:59 28-Feb,15:59 28-Feb*,16:00 28-Feb,16:00 28-Feb*
11058,BSL  PF 4*,16:35 28-Feb,16:35 28-Feb*,16:40 28-Feb,16:40 28-Feb*
11058,JL  PF 2*,17:08 28-Feb,17:08 28-Feb*,17:10 28-Feb,17:10 28-Feb*
11058,PC  PF 1*,17:42 28-Feb,17:42 28-Feb*,17:44 28-Feb,17:44 28-Feb*
11058,CSN  PF 3*,18:18 28-Feb,18:18 28-Feb*,18:20 28-Feb,18:20 28-Feb*
11058,MMR  PF 3*,19:18 28-Feb,19:18 28-Feb*,19:20 28-Feb,19:20 28-Feb*
11058,NK  PF 3*,20:17 28-Feb,20:17 28-Feb*,20:20 28-Feb,20:20 28-Feb*
11058,KYN  PF 4*,22:47 28-Feb,22:47 28-Feb*,22:50 28-Feb,22:50 28-Feb*
11058,TNA  PF 6*,23:12 28-Feb,23:12 28-Feb*,23:15 28-Feb,23:15 28-Feb*
11058,DR  PF 6*,23:37 28-Feb,23:37 28-Feb*,23:40 28-Feb,23:40 28-Feb*
11058,CSMT  PF 14*,00:05 01-Mar,00:05 01-Mar*,DSTN,DSTN
trainCode,stationCode,expectedArrivalTime,actualArrivalTime,expectedDepartureTime,actualDepartureTime
11057,CSMT,SRC,SRC,23:30 23-Feb,23:31 23-Feb
11057,DR,23:37 23-Feb,23:46 23-Feb,23:40 23-Feb,23:49 23-Feb
11057,TNA,00:02 24-Feb,00:12 24-Feb,00:05 24-Feb,00:15 24-Feb
11057,KYN,00:32 24-Feb,00:35 24-Feb,00:35 24-Feb,00:43 24-Feb
11057,KSRA,01:28 24-Feb,01:44 24-Feb,01:31 24-Feb,01:53 24-Feb
11057,NK,03:05 24-Feb,03:02 24-Feb,03:10 24-Feb,03:12 24-Feb
11057,MMR,04:07 24-Feb,04:28 24-Feb,04:10 24-Feb,04:30 24-Feb
11057,CSN,05:03 24-Feb,05:36 24-Feb,05:05 24-Feb,05:38 24-Feb
11057,PC,05:33 24-Feb,06:11 24-Feb,05:35 24-Feb,06:13 24-Feb
11057,JL,06:18 24-Feb,06:50 24-Feb,06:20 24-Feb,06:55 24-Feb
11057,BSL,06:50 24-Feb,07:21 24-Feb,06:55 24-Feb,07:30 24-Feb
11057,SAV,07:14 24-Feb,07:53 24-Feb,07:15 24-Feb,07:55 24-Feb
11057,RV,07:29 24-Feb,08:13 24-Feb,07:30 24-Feb,08:15 24-Feb
11057,BAU,07:48 24-Feb,08:31 24-Feb,07:50 24-Feb,08:34 24-Feb
11057,NPNR,08:13 24-Feb,08:53 24-Feb,08:15 24-Feb,08:56 24-Feb
11057,KNW,09:20 24-Feb,09:30 24-Feb,09:25 24-Feb,**UA**
11057,TLV,09:41 24-Feb,09:52 24-Feb,09:43 24-Feb,09:54 24-Feb
11057,CAER,10:09 24-Feb,10:16 24-Feb,10:11 24-Feb,10:18 24-Feb
11057,KKN,10:44 24-Feb,10:45 24-Feb,10:46 24-Feb,10:58 24-Feb
11057,HD,11:13 24-Feb,11:24 24-Feb,11:15 24-Feb,11:26 24-Feb
11057,TBN,11:27 24-Feb,11:39 24-Feb,11:29 24-Feb,11:40 24-Feb
11057,BPF,11:51 24-Feb,12:02 24-Feb,11:53 24-Feb,12:04 24-Feb
11057,ET,12:40 24-Feb,12:37 24-Feb,12:50 24-Feb,12:51 24-Feb
11057,NDPM,13:08 24-Feb,13:12 24-Feb,13:10 24-Feb,13:14 24-Feb
11057,BNI,13:22 24-Feb,13:26 24-Feb,13:23 24-Feb,13:43 24-Feb
11057,ODG,14:11 24-Feb,14:30 24-Feb,14:13 24-Feb,14:32 24-Feb
11057,MDDP,14:25 24-Feb,14:44 24-Feb,14:27 24-Feb,14:47 24-Feb
11057,RKMP,15:03 24-Feb,15:09 24-Feb,15:05 24-Feb,15:11 24-Feb
11057,BPL,15:30 24-Feb,15:42 24-Feb,15:35 24-Feb,15:48 24-Feb
11057,BHS,16:13 24-Feb,16:30 24-Feb,16:15 24-Feb,16:32 24-Feb
11057,GLG,16:33 24-Feb,16:50 24-Feb,16:35 24-Feb,16:52 24-Feb
11057,BAQ,16:50 24-Feb,17:13 24-Feb,16:52 24-Feb,17:16 24-Feb
11057,MABA,17:22 24-Feb,17:37 24-Feb,17:24 24-Feb,17:40 24-Feb
11057,BINA,17:50 24-Feb,17:59 24-Feb,17:55 24-Feb,18:00 24-Feb
11057,DUA,18:22 24-Feb,19:12 24-Feb,18:23 24-Feb,19:14 24-Feb
11057,LAR,18:44 24-Feb,20:03 24-Feb,18:46 24-Feb,20:05 24-Feb
11057,TBT,19:14 24-Feb,20:45 24-Feb,19:16 24-Feb,20:48 24-Feb
11057,BAB,19:36 24-Feb,21:18 24-Feb,19:38 24-Feb,21:20 24-Feb
11057,VGLB,20:20 24-Feb,21:53 24-Feb,20:28 24-Feb,22:00 24-Feb
11057,DAA,20:52 24-Feb,22:21 24-Feb,20:54 24-Feb,22:23 24-Feb
11057,DBA,21:16 24-Feb,22:44 24-Feb,21:18 24-Feb,22:46 24-Feb
11057,GWL,21:54 24-Feb,23:19 24-Feb,21:56 24-Feb,23:22 24-Feb
11057,MRA,22:28 24-Feb,23:56 24-Feb,22:30 24-Feb,23:58 24-Feb
11057,DHO,23:13 24-Feb,00:36 25-Feb,23:15 24-Feb,00:38 25-Feb
11057,AGC,23:50 24-Feb,01:22 25-Feb,23:55 24-Feb,01:29 25-Feb
11057,MTJ,00:55 25-Feb,02:49 25-Feb,01:00 25-Feb,02:53 25-Feb
11057,KSV,01:30 25-Feb,03:23 25-Feb,01:32 25-Feb,03:29 25-Feb
11057,PWL,02:30 25-Feb,04:14 25-Feb,02:32 25-Feb,04:15 25-Feb
11057,FDB,02:54 25-Feb,04:49 25-Feb,02:56 25-Feb,04:51 25-Feb
11057,NZM,03:14 25-Feb,05:30 25-Feb,03:16 25-Feb,05:35 25-Feb
11057,NDLS,03:40 25-Feb,06:11 25-Feb,03:55 25-Feb,06:31 25-Feb
11057,SZM,04:08 25-Feb,06:50 25-Feb,04:10 25-Feb,06:52 25-Feb
11057,NUR,04:28 25-Feb,07:19 25-Feb,04:30 25-Feb,07:38 25-Feb
11057,SNP,04:44 25-Feb,08:11 25-Feb,04:46 25-Feb,08:12 25-Feb
11057,GNU,04:57 25-Feb,08:41 25-Feb,04:59 25-Feb,08:43 25-Feb
11057,SMK,05:12 25-Feb,08:53 25-Feb,05:14 25-Feb,08:54 25-Feb
11057,PNP,05:26 25-Feb,09:13 25-Feb,05:28 25-Feb,09:16 25-Feb
11057,KUN,05:52 25-Feb,09:37 25-Feb,05:54 25-Feb,09:39 25-Feb
11057,NLKR,06:05 25-Feb,09:52 25-Feb,06:07 25-Feb,09:54 25-Feb
11057,KKDE,06:21 25-Feb,10:10 25-Feb,06:23 25-Feb,10:12 25-Feb
11057,SHDM,06:41 25-Feb,10:33 25-Feb,06:43 25-Feb,10:47 25-Feb
11057,UMB,07:45 25-Feb,11:14 25-Feb,07:58 25-Feb,11:27 25-Feb
11057,UBC,08:09 25-Feb,11:41 25-Feb,08:11 25-Feb,11:43 25-Feb
11057,RPJ,08:38 25-Feb,12:04 25-Feb,08:40 25-Feb,12:06 25-Feb
11057,PTA,09:05 25-Feb,12:34 25-Feb,09:10 25-Feb,12:50 25-Feb
11057,NBA,09:39 25-Feb,13:20 25-Feb,09:41 25-Feb,13:22 25-Feb
11057,DUI,10:22 25-Feb,13:53 25-Feb,10:40 25-Feb,13:57 25-Feb
11057,MET,10:58 25-Feb,14:30 25-Feb,11:00 25-Feb,14:32 25-Feb
11057,AHH,11:31 25-Feb,14:48 25-Feb,11:33 25-Feb,14:53 25-Feb
11057,LDH,12:45 25-Feb,15:23 25-Feb,12:55 25-Feb,15:31 25-Feb
11057,PHR,13:09 25-Feb,15:48 25-Feb,13:11 25-Feb,15:50 25-Feb
11057,PGW,13:43 25-Feb,16:13 25-Feb,13:45 25-Feb,16:15 25-Feb
11057,JRC,14:02 25-Feb,16:30 25-Feb,14:04 25-Feb,16:32 25-Feb
11057,JUC,14:15 25-Feb,16:42 25-Feb,14:20 25-Feb,16:47 25-Feb
11057,BEAS,14:51 25-Feb,17:19 25-Feb,14:53 25-Feb,17:23 25-Feb
11057,JNL,15:35 25-Feb,17:50 25-Feb,15:37 25-Feb,17:51 25-Feb
11057,ASR,16:15 25-Feb,18:13 25-Feb,DSTN,DSTN
11057,CSMT,SRC,SRC,23:30 24-Feb,23:30 24-Feb
11057,DR,23:37 24-Feb,23:46 24-Feb,23:40 24-Feb,23:49 24-Feb
11057,TNA,00:02 25-Feb,00:10 25-Feb,00:05 25-Feb,00:13 25-Feb
11057,KYN,00:32 25-Feb,00:38 25-Feb,00:35 25-Feb,00:45 25-Feb
11057,KSRA,01:28 25-Feb,01:49 25-Feb,01:31 25-Feb,01:56 25-Feb
11057,NK,03:05 25-Feb,03:06 25-Feb,03:10 25-Feb,03:11 25-Feb
11057,MMR,04:07 25-Feb,04:11 25-Feb,04:10 25-Feb,04:14 25-Feb
11057,CSN,05:03 25-Feb,05:04 25-Feb,05:05 25-Feb,05:07 25-Feb
11057,PC,05:33 25-Feb,05:44 25-Feb,05:35 25-Feb,05:46 25-Feb
11057,JL,06:18 25-Feb,06:23 25-Feb,06:20 25-Feb,06:28 25-Feb
11057,BSL,06:50 25-Feb,06:49 25-Feb,06:55 25-Feb,07:00 25-Feb
11057,SAV,07:14 25-Feb,07:21 25-Feb,07:15 25-Feb,07:23 25-Feb
11057,RV,07:29 25-Feb,07:39 25-Feb,07:30 25-Feb,07:41 25-Feb
11057,BAU,07:48 25-Feb,07:57 25-Feb,07:50 25-Feb,07:59 25-Feb
11057,NPNR,08:13 25-Feb,08:19 25-Feb,08:15 25-Feb,08:21 25-Feb
11057,KNW,09:20 25-Feb,08:55 25-Feb,09:25 25-Feb,09:26 25-Feb
11057,TLV,09:41 25-Feb,09:47 25-Feb,09:43 25-Feb,09:49 25-Feb
11057,CAER,10:09 25-Feb,10:16 25-Feb,10:11 25-Feb,10:32 25-Feb
11057,KKN,10:44 25-Feb,11:02 25-Feb,10:46 25-Feb,11:05 25-Feb
11057,HD,11:13 25-Feb,11:29 25-Feb,11:15 25-Feb,11:31 25-Feb
11057,TBN,11:27 25-Feb,11:44 25-Feb,11:29 25-Feb,11:46 25-Feb
11057,BPF,11:51 25-Feb,12:07 25-Feb,11:53 25-Feb,12:10 25-Feb
11057,ET,12:40 25-Feb,12:40 25-Feb,12:50 25-Feb,12:50 25-Feb
11057,NDPM,13:08 25-Feb,13:10 25-Feb,13:10 25-Feb,13:12 25-Feb
11057,BNI,13:22 25-Feb,13:20 25-Feb,13:23 25-Feb,13:55 25-Feb
11057,ODG,14:11 25-Feb,14:40 25-Feb,14:13 25-Feb,14:46 25-Feb
11057,MDDP,14:25 25-Feb,15:00 25-Feb,14:27 25-Feb,15:02 25-Feb
11057,RKMP,15:03 25-Feb,15:30 25-Feb,15:05 25-Feb,15:40 25-Feb
11057,BPL,15:30 25-Feb,16:23 25-Feb,15:35 25-Feb,17:01 25-Feb
11057,BHS,16:13 25-Feb,17:46 25-Feb,16:15 25-Feb,17:48 25-Feb
11057,GLG,16:33 25-Feb,18:05 25-Feb,16:35 25-Feb,18:07 25-Feb
11057,BAQ,16:50 25-Feb,18:26 25-Feb,16:52 25-Feb,18:28 25-Feb
11057,MABA,17:22 25-Feb,18:49 25-Feb,17:24 25-Feb,18:52 25-Feb
11057,BINA,17:50 25-Feb,19:11 25-Feb,17:55 25-Feb,19:17 25-Feb
11057,DUA,18:22 25-Feb,19:56 25-Feb,18:23 25-Feb,19:58 25-Feb
11057,LAR,18:44 25-Feb,20:24 25-Feb,18:46 25-Feb,20:27 25-Feb
11057,TBT,19:14 25-Feb,20:53 25-Feb,19:16 25-Feb,20:56 25-Feb
11057,BAB,19:36 25-Feb,21:19 25-Feb,19:38 25-Feb,21:21 25-Feb
11057,VGLB,20:20 25-Feb,21:45 25-Feb,20:28 25-Feb,21:50 25-Feb
11057,DAA,20:52 25-Feb,22:15 25-Feb,20:54 25-Feb,22:45 25-Feb
11057,DBA,21:16 25-Feb,23:08 25-Feb,21:18 25-Feb,23:10 25-Feb
11057,GWL,21:54 25-Feb,00:02 26-Feb,21:56 25-Feb,00:05 26-Feb
11057,MRA,22:28 25-Feb,00:56 26-Feb,22:30 25-Feb,00:58 26-Feb
11057,DHO,23:13 25-Feb,01:34 26-Feb,23:15 25-Feb,01:37 26-Feb
11057,AGC,23:50 25-Feb,02:24 26-Feb,23:55 25-Feb,02:29 26-Feb
11057,MTJ,00:55 26-Feb,03:25 26-Feb,01:00 26-Feb,03:28 26-Feb
11057,KSV,01:30 26-Feb,03:58 26-Feb,01:32 26-Feb,04:00 26-Feb
11057,PWL,02:30 26-Feb,05:04 26-Feb,02:32 26-Feb,05:13 26-Feb
11057,FDB,02:54 26-Feb,05:34 26-Feb,02:56 26-Feb,05:36 26-Feb
11057,NZM,03:14 26-Feb,06:06 26-Feb,03:16 26-Feb,06:09 26-Feb
11057,NDLS,03:40 26-Feb,06:31 26-Feb,03:55 26-Feb,06:53 26-Feb
11057,SZM,04:08 26-Feb,07:13 26-Feb,04:10 26-Feb,07:15 26-Feb
11057,NUR,04:28 26-Feb,07:34 26-Feb,04:30 26-Feb,07:36 26-Feb
11057,SNP,04:44 26-Feb,07:51 26-Feb,04:46 26-Feb,08:09 26-Feb
11057,GNU,04:57 26-Feb,08:28 26-Feb,04:59 26-Feb,08:29 26-Feb
11057,SMK,05:12 26-Feb,08:39 26-Feb,05:14 26-Feb,09:06 26-Feb
11057,PNP,05:26 26-Feb,09:27 26-Feb,05:28 26-Feb,09:29 26-Feb
11057,KUN,05:52 26-Feb,10:09 26-Feb,05:54 26-Feb,10:11 26-Feb
11057,NLKR,06:05 26-Feb,10:24 26-Feb,06:07 26-Feb,10:26 26-Feb
11057,KKDE,06:21 26-Feb,10:42 26-Feb,06:23 26-Feb,10:59 26-Feb
11057,SHDM,06:41 26-Feb,11:22 26-Feb,06:43 26-Feb,11:24 26-Feb
11057,UMB,07:45 26-Feb,11:46 26-Feb,07:58 26-Feb,11:54 26-Feb
11057,UBC,08:09 26-Feb,12:07 26-Feb,08:11 26-Feb,12:10 26-Feb
11057,RPJ,08:38 26-Feb,12:30 26-Feb,08:40 26-Feb,12:35 26-Feb
11057,PTA,09:05 26-Feb,13:02 26-Feb,09:10 26-Feb,13:19 26-Feb
11057,NBA,09:39 26-Feb,13:42 26-Feb,09:41 26-Feb,13:44 26-Feb
11057,DUI,10:22 26-Feb,14:18 26-Feb,10:40 26-Feb,**UA**
11057,MET,10:58 26-Feb,**UA**,11:00 26-Feb,**UA**
11057,AHH  PF 1*,11:31 26-Feb,15:10 26-Feb*,11:33 26-Feb,15:11 26-Feb*
11057,LDH  PF 5*,12:45 26-Feb,16:10 26-Feb*,12:55 26-Feb,16:15 26-Feb*
11057,PHR  PF 3*,13:09 26-Feb,16:29 26-Feb*,13:11 26-Feb,16:30 26-Feb*
11057,PGW  PF 2*,13:43 26-Feb,17:02 26-Feb*,13:45 26-Feb,17:03 26-Feb*
11057,JRC  PF 1*,14:02 26-Feb,17:20 26-Feb*,14:04 26-Feb,17:21 26-Feb*
11057,JUC  PF 1*,14:15 26-Feb,17:30 26-Feb*,14:20 26-Feb,17:31 26-Feb*
11057,BEAS  PF 1*,14:51 26-Feb,17:58 26-Feb*,14:53 26-Feb,17:59 26-Feb*
11057,JNL  PF 1*,15:35 26-Feb,18:41 26-Feb*,15:37 26-Feb,18:42 26-Feb*
11057,ASR  PF 4*,16:15 26-Feb,19:02 26-Feb*,DSTN,DSTN
11057,CSMT,SRC,SRC,23:30 25-Feb,23:30 25-Feb
11057,DR,23:37 25-Feb,23:49 25-Feb,23:40 25-Feb,23:53 25-Feb
11057,TNA,00:02 26-Feb,00:12 26-Feb,00:05 26-Feb,00:15 26-Feb
11057,KYN,00:32 26-Feb,00:42 26-Feb,00:35 26-Feb,00:49 26-Feb
11057,KSRA,01:28 26-Feb,01:54 26-Feb,01:31 26-Feb,02:02 26-Feb
11057,NK,03:05 26-Feb,03:14 26-Feb,03:10 26-Feb,03:21 26-Feb
11057,MMR,04:07 26-Feb,04:23 26-Feb,04:10 26-Feb,04:51 26-Feb
11057,CSN,05:03 26-Feb,05:50 26-Feb,05:05 26-Feb,05:53 26-Feb
11057,PC,05:33 26-Feb,06:23 26-Feb,05:35 26-Feb,06:24 26-Feb
11057,JL,06:18 26-Feb,07:00 26-Feb,06:20 26-Feb,07:03 26-Feb
11057,BSL,06:50 26-Feb,07:27 26-Feb,06:55 26-Feb,07:33 26-Feb
11057,SAV,07:14 26-Feb,07:55 26-Feb,07:15 26-Feb,07:57 26-Feb
11057,RV,07:29 26-Feb,08:17 26-Feb,07:30 26-Feb,08:20 26-Feb
11057,BAU,07:48 26-Feb,08:36 26-Feb,07:50 26-Feb,08:39 26-Feb
11057,NPNR,08:13 26-Feb,08:58 26-Feb,08:15 26-Feb,09:00 26-Feb
11057,KNW,09:20 26-Feb,09:32 26-Feb,09:25 26-Feb,**UA**
11057,TLV,09:41 26-Feb,09:53 26-Feb,09:43 26-Feb,09:55 26-Feb
11057,CAER,10:09 26-Feb,10:17 26-Feb,10:11 26-Feb,10:19 26-Feb
11057,KKN,10:44 26-Feb,10:54 26-Feb,10:46 26-Feb,11:09 26-Feb
11057,HD,11:13 26-Feb,11:35 26-Feb,11:15 26-Feb,11:38 26-Feb
11057,TBN,11:27 26-Feb,11:51 26-Feb,11:29 26-Feb,12:07 26-Feb
11057,BPF,11:51 26-Feb,12:36 26-Feb,11:53 26-Feb,12:39 26-Feb
11057,ET,12:40 26-Feb,13:11 26-Feb,12:50 26-Feb,13:21 26-Feb
11057,NDPM,13:08 26-Feb,13:46 26-Feb,13:10 26-Feb,13:48 26-Feb
11057,BNI,13:22 26-Feb,13:58 26-Feb,13:23 26-Feb,14:00 26-Feb
11057,ODG,14:11 26-Feb,**UA**,14:13 26-Feb,**UA**
11057,MDDP,14:25 26-Feb,**UA**,14:27 26-Feb,**UA**
11057,RKMP,15:03 26-Feb,15:08 26-Feb*,15:05 26-Feb,15:09 26-Feb*
11057,BPL,15:30 26-Feb,15:30 26-Feb*,15:35 26-Feb,15:35 26-Feb*
11057,BHS,16:13 26-Feb,16:13 26-Feb*,16:15 26-Feb,16:15 26-Feb*
11057,GLG,16:33 26-Feb,16:33 26-Feb*,16:35 26-Feb,16:35 26-Feb*
11057,BAQ,16:50 26-Feb,16:50 26-Feb*,16:52 26-Feb,16:52 26-Feb*
11057,MABA,17:22 26-Feb,17:22 26-Feb*,17:24 26-Feb,17:24 26-Feb*
11057,BINA  PF 4*,17:50 26-Feb,17:50 26-Feb*,17:55 26-Feb,17:55 26-Feb*
11057,DUA,18:22 26-Feb,18:22 26-Feb*,18:23 26-Feb,18:23 26-Feb*
11057,LAR  PF 3*,18:44 26-Feb,18:44 26-Feb*,18:46 26-Feb,18:46 26-Feb*
11057,TBT  PF 1*,19:14 26-Feb,19:14 26-Feb*,19:16 26-Feb,19:16 26-Feb*
11057,BAB  PF 1*,19:36 26-Feb,19:36 26-Feb*,19:38 26-Feb,19:38 26-Feb*
11057,VGLB  PF 4*,20:20 26-Feb,20:20 26-Feb*,20:28 26-Feb,20:28 26-Feb*
11057,DAA  PF 1*,20:52 26-Feb,20:52 26-Feb*,20:54 26-Feb,20:54 26-Feb*
11057,DBA,21:16 26-Feb,21:16 26-Feb*,21:18 26-Feb,21:18 26-Feb*
11057,GWL  PF 4*,21:54 26-Feb,21:54 26-Feb*,21:56 26-Feb,21:56 26-Feb*
11057,MRA  PF 2*,22:28 26-Feb,22:28 26-Feb*,22:30 26-Feb,22:30 26-Feb*
11057,DHO  PF 1*,23:13 26-Feb,23:13 26-Feb*,23:15 26-Feb,23:15 26-Feb*
11057,AGC  PF 3*,23:50 26-Feb,23:50 26-Feb*,23:55 26-Feb,23:55 26-Feb*
11057,MTJ  PF 4*,00:55 27-Feb,00:55 27-Feb*,01:00 27-Feb,01:00 27-Feb*
11057,KSV  PF 1*,01:30 27-Feb,01:30 27-Feb*,01:32 27-Feb,01:32 27-Feb*
11057,PWL  PF 4*,02:30 27-Feb,02:30 27-Feb*,02:32 27-Feb,02:32 27-Feb*
11057,FDB  PF 2*,02:54 27-Feb,02:54 27-Feb*,02:56 27-Feb,02:56 27-Feb*
11057,NZM  PF 3*,03:14 27-Feb,03:14 27-Feb*,03:16 27-Feb,03:16 27-Feb*
11057,NDLS  PF 5*,03:40 27-Feb,03:40 27-Feb*,03:55 27-Feb,03:55 27-Feb*
11057,SZM  PF 1*,04:08 27-Feb,04:08 27-Feb*,04:10 27-Feb,04:10 27-Feb*
11057,NUR  PF 2*,04:28 27-Feb,04:28 27-Feb*,04:30 27-Feb,04:30 27-Feb*
11057,SNP  PF 2*,04:44 27-Feb,04:44 27-Feb*,04:46 27-Feb,04:46 27-Feb*
11057,GNU  PF 2*,04:57 27-Feb,04:57 27-Feb*,04:59 27-Feb,04:59 27-Feb*
11057,SMK  PF 2*,05:12 27-Feb,05:12 27-Feb*,05:14 27-Feb,05:14 27-Feb*
11057,PNP  PF 3*,05:26 27-Feb,05:26 27-Feb*,05:28 27-Feb,05:28 27-Feb*
11057,KUN  PF 2*,05:52 27-Feb,05:52 27-Feb*,05:54 27-Feb,05:54 27-Feb*
11057,NLKR  PF 2*,06:05 27-Feb,06:05 27-Feb*,06:07 27-Feb,06:07 27-Feb*
11057,KKDE  PF 1*,06:21 27-Feb,06:21 27-Feb*,06:23 27-Feb,06:23 27-Feb*
11057,SHDM  PF 2*,06:41 27-Feb,06:41 27-Feb*,06:43 27-Feb,06:43 27-Feb*
11057,UMB  PF 6*,07:45 27-Feb,07:45 27-Feb*,07:58 27-Feb,07:58 27-Feb*
11057,UBC  PF 2*,08:09 27-Feb,08:09 27-Feb*,08:11 27-Feb,08:11 27-Feb*
11057,RPJ  PF 1*,08:38 27-Feb,08:38 27-Feb*,08:40 27-Feb,08:40 27-Feb*
11057,PTA  PF 1*,09:05 27-Feb,09:05 27-Feb*,09:10 27-Feb,09:10 27-Feb*
11057,NBA  PF 1*,09:39 27-Feb,09:39 27-Feb*,09:41 27-Feb,09:41 27-Feb*
11057,DUI  PF 1*,10:22 27-Feb,10:22 27-Feb*,10:40 27-Feb,10:40 27-Feb*
11057,MET  PF 1*,10:58 27-Feb,10:58 27-Feb*,11:00 27-Feb,11:00 27-Feb*
11057,AHH  PF 1*,11:31 27-Feb,11:31 27-Feb*,11:33 27-Feb,11:33 27-Feb*
11057,LDH  PF 5*,12:45 27-Feb,12:45 27-Feb*,12:55 27-Feb,12:55 27-Feb*
11057,PHR  PF 3*,13:09 27-Feb,13:09 27-Feb*,13:11 27-Feb,13:11 27-Feb*
11057,PGW  PF 2*,13:43 27-Feb,13:43 27-Feb*,13:45 27-Feb,13:45 27-Feb*
11057,JRC  PF 1*,14:02 27-Feb,14:02 27-Feb*,14:04 27-Feb,14:04 27-Feb*
11057,JUC  PF 1*,14:15 27-Feb,14:15 27-Feb*,14:20 27-Feb,14:20 27-Feb*
11057,BEAS  PF 1*,14:51 27-Feb,14:51 27-Feb*,14:53 27-Feb,14:53 27-Feb*
11057,JNL  PF 1*,15:35 27-Feb,15:35 27-Feb*,15:37 27-Feb,15:37 27-Feb*
11057,ASR  PF 4*,16:15 27-Feb,16:15 27-Feb*,DSTN,DSTN
11057,CSMT,SRC,SRC,23:30 26-Feb,23:30 26-Feb*
11057,DR,23:37 26-Feb,23:37 26-Feb*,23:40 26-Feb,23:40 26-Feb*
11057,TNA,00:02 27-Feb,00:02 27-Feb*,00:05 27-Feb,00:05 27-Feb*
11057,KYN,00:32 27-Feb,00:32 27-Feb*,00:35 27-Feb,00:35 27-Feb*
11057,KSRA,01:28 27-Feb,01:28 27-Feb*,01:31 27-Feb,01:31 27-Feb*
11057,NK,03:05 27-Feb,03:05 27-Feb*,03:10 27-Feb,03:10 27-Feb*
11057,MMR,04:07 27-Feb,04:07 27-Feb*,04:10 27-Feb,04:10 27-Feb*
11057,CSN,05:03 27-Feb,05:03 27-Feb*,05:05 27-Feb,05:05 27-Feb*
11057,PC,05:33 27-Feb,05:33 27-Feb*,05:35 27-Feb,05:35 27-Feb*
11057,JL,06:18 27-Feb,06:18 27-Feb*,06:20 27-Feb,06:20 27-Feb*
11057,BSL,06:50 27-Feb,06:50 27-Feb*,06:55 27-Feb,06:55 27-Feb*
11057,SAV,07:14 27-Feb,07:14 27-Feb*,07:15 27-Feb,07:15 27-Feb*
11057,RV,07:29 27-Feb,07:29 27-Feb*,07:30 27-Feb,07:30 27-Feb*
11057,BAU,07:48 27-Feb,07:48 27-Feb*,07:50 27-Feb,07:50 27-Feb*
11057,NPNR,08:13 27-Feb,08:13 27-Feb*,08:15 27-Feb,08:15 27-Feb*
11057,KNW,09:20 27-Feb,09:20 27-Feb*,09:25 27-Feb,09:25 27-Feb*
11057,TLV,09:41 27-Feb,09:41 27-Feb*,09:43 27-Feb,09:43 27-Feb*
11057,CAER,10:09 27-Feb,10:09 27-Feb*,10:11 27-Feb,10:11 27-Feb*
11057,KKN,10:44 27-Feb,10:44 27-Feb*,10:46 27-Feb,10:46 27-Feb*
11057,HD,11:13 27-Feb,11:13 27-Feb*,11:15 27-Feb,11:15 27-Feb*
11057,TBN,11:27 27-Feb,11:27 27-Feb*,11:29 27-Feb,11:29 27-Feb*
11057,BPF,11:51 27-Feb,11:51 27-Feb*,11:53 27-Feb,11:53 27-Feb*
11057,ET,12:40 27-Feb,12:40 27-Feb*,12:50 27-Feb,12:50 27-Feb*
11057,NDPM,13:08 27-Feb,13:08 27-Feb*,13:10 27-Feb,13:10 27-Feb*
11057,BNI,13:22 27-Feb,13:22 27-Feb*,13:23 27-Feb,13:23 27-Feb*
11057,ODG,14:11 27-Feb,14:11 27-Feb*,14:13 27-Feb,14:13 27-Feb*
11057,MDDP,14:25 27-Feb,14:25 27-Feb*,14:27 27-Feb,14:27 27-Feb*
11057,RKMP,15:03 27-Feb,15:03 27-Feb*,15:05 27-Feb,15:05 27-Feb*
11057,BPL,15:30 27-Feb,15:30 27-Feb*,15:35 27-Feb,15:35 27-Feb*
11057,BHS,16:13 27-Feb,16:13 27-Feb*,16:15 27-Feb,16:15 27-Feb*
11057,GLG,16:33 27-Feb,16:33 27-Feb*,16:35 27-Feb,16:35 27-Feb*
11057,BAQ,16:50 27-Feb,16:50 27-Feb*,16:52 27-Feb,16:52 27-Feb*
11057,MABA,17:22 27-Feb,17:22 27-Feb*,17:24 27-Feb,17:24 27-Feb*
11057,BINA  PF 4*,17:50 27-Feb,17:50 27-Feb*,17:55 27-Feb,17:55 27-Feb*
11057,DUA,18:22 27-Feb,18:22 27-Feb*,18:23 27-Feb,18:23 27-Feb*
11057,LAR  PF 3*,18:44 27-Feb,18:44 27-Feb*,18:46 27-Feb,18:46 27-Feb*
11057,TBT  PF 1*,19:14 27-Feb,19:14 27-Feb*,19:16 27-Feb,19:16 27-Feb*
11057,BAB  PF 1*,19:36 27-Feb,19:36 27-Feb*,19:38 27-Feb,19:38 27-Feb*
11057,VGLB  PF 4*,20:20 27-Feb,20:20 27-Feb*,20:28 27-Feb,20:28 27-Feb*
11057,DAA  PF 1*,20:52 27-Feb,20:52 27-Feb*,20:54 27-Feb,20:54 27-Feb*
11057,DBA,21:16 27-Feb,21:16 27-Feb*,21:18 27-Feb,21:18 27-Feb*
11057,GWL  PF 4*,21:54 27-Feb,21:54 27-Feb*,21:56 27-Feb,21:56 27-Feb*
11057,MRA  PF 2*,22:28 27-Feb,22:28 27-Feb*,22:30 27-Feb,22:30 27-Feb*
11057,DHO  PF 1*,23:13 27-Feb,23:13 27-Feb*,23:15 27-Feb,23:15 27-Feb*
11057,AGC  PF 3*,23:50 27-Feb,23:50 27-Feb*,23:55 27-Feb,23:55 27-Feb*
11057,MTJ  PF 4*,00:55 28-Feb,00:55 28-Feb*,01:00 28-Feb,01:00 28-Feb*
11057,KSV  PF 1*,01:30 28-Feb,01:30 28-Feb*,01:32 28-Feb,01:32 28-Feb*
11057,PWL  PF 4*,02:30 28-Feb,02:30 28-Feb*,02:32 28-Feb,02:32 28-Feb*
11057,FDB  PF 2*,02:54 28-Feb,02:54 28-Feb*,02:56 28-Feb,02:56 28-Feb*
11057,NZM  PF 3*,03:14 28-Feb,03:14 28-Feb*,03:16 28-Feb,03:16 28-Feb*
11057,NDLS  PF 5*,03:40 28-Feb,03:40 28-Feb*,03:55 28-Feb,03:55 28-Feb*
11057,SZM  PF 1*,04:08 28-Feb,04:08 28-Feb*,04:10 28-Feb,04:10 28-Feb*
11057,NUR  PF 2*,04:28 28-Feb,04:28 28-Feb*,04:30 28-Feb,04:30 28-Feb*
11057,SNP  PF 2*,04:44 28-Feb,04:44 28-Feb*,04:46 28-Feb,04:46 28-Feb*
11057,GNU  PF 2*,04:57 28-Feb,04:57 28-Feb*,04:59 28-Feb,04:59 28-Feb*
11057,SMK  PF 2*,05:12 28-Feb,05:12 28-Feb*,05:14 28-Feb,05:14 28-Feb*
11057,PNP  PF 3*,05:26 28-Feb,05:26 28-Feb*,05:28 28-Feb,05:28 28-Feb*
11057,KUN  PF 2*,05:52 28-Feb,05:52 28-Feb*,05:54 28-Feb,05:54 28-Feb*
11057,NLKR  PF 2*,06:05 28-Feb,06:05 28-Feb*,06:07 28-Feb,06:07 28-Feb*
11057,KKDE  PF 1*,06:21 28-Feb,06:21 28-Feb*,06:23 28-Feb,06:23 28-Feb*
11057,SHDM  PF 2*,06:41 28-Feb,06:41 28-Feb*,06:43 28-Feb,06:43 28-Feb*
11057,UMB  PF 6*,07:45 28-Feb,07:45 28-Feb*,07:58 28-Feb,07:58 28-Feb*
11057,UBC  PF 2*,08:09 28-Feb,08:09 28-Feb*,08:11 28-Feb,08:11 28-Feb*
11057,RPJ  PF 1*,08:38 28-Feb,08:38 28-Feb*,08:40 28-Feb,08:40 28-Feb*
11057,PTA  PF 1*,09:05 28-Feb,09:05 28-Feb*,09:10 28-Feb,09:10 28-Feb*
11057,NBA  PF 1*,09:39 28-Feb,09:39 28-Feb*,09:41 28-Feb,09:41 28-Feb*
11057,DUI  PF 1*,10:22 28-Feb,10:22 28-Feb*,10:40 28-Feb,10:40 28-Feb*
11057,MET  PF 1*,10:58 28-Feb,10:58 28-Feb*,11:00 28-Feb,11:00 28-Feb*
11057,AHH  PF 1*,11:31 28-Feb,11:31 28-Feb*,11:33 28-Feb,11:33 28-Feb*
11057,LDH  PF 5*,12:45 28-Feb,12:45 28-Feb*,12:55 28-Feb,12:55 28-Feb*
11057,PHR  PF 3*,13:09 28-Feb,13:09 28-Feb*,13:11 28-Feb,13:11 28-Feb*
11057,PGW  PF 2*,13:43 28-Feb,13:43 28-Feb*,13:45 28-Feb,13:45 28-Feb*
11057,JRC  PF 1*,14:02 28-Feb,14:02 28-Feb*,14:04 28-Feb,14:04 28-Feb*
11057,JUC  PF 1*,14:15 28-Feb,14:15 28-Feb*,14:20 28-Feb,14:20 28-Feb*
11057,BEAS  PF 1*,14:51 28-Feb,14:51 28-Feb*,14:53 28-Feb,14:53 28-Feb*
11057,JNL  PF 1*,15:35 28-Feb,15:35 28-Feb*,15:37 28-Feb,15:37 28-Feb*
11057,ASR  PF 4*,16:15 28-Feb,16:15 28-Feb*,DSTN,DSTN
11057,CSMT,SRC,SRC,23:30 27-Feb,23:30 27-Feb*
11057,DR,23:37 27-Feb,23:37 27-Feb*,23:40 27-Feb,23:40 27-Feb*
11057,TNA,00:02 28-Feb,00:02 28-Feb*,00:05 28-Feb,00:05 28-Feb*
11057,KYN,00:32 28-Feb,00:32 28-Feb*,00:35 28-Feb,00:35 28-Feb*
11057,KSRA,01:28 28-Feb,01:28 28-Feb*,01:31 28-Feb,01:31 28-Feb*
11057,NK,03:05 28-Feb,03:05 28-Feb*,03:10 28-Feb,03:10 28-Feb*
11057,MMR,04:07 28-Feb,04:07 28-Feb*,04:10 28-Feb,04:10 28-Feb*
11057,CSN,05:03 28-Feb,05:03 28-Feb*,05:05 28-Feb,05:05 28-Feb*
11057,PC,05:33 28-Feb,05:33 28-Feb*,05:35 28-Feb,05:35 28-Feb*
11057,JL,06:18 28-Feb,06:18 28-Feb*,06:20 28-Feb,06:20 28-Feb*
11057,BSL,06:50 28-Feb,06:50 28-Feb*,06:55 28-Feb,06:55 28-Feb*
11057,SAV,07:14 28-Feb,07:14 28-Feb*,07:15 28-Feb,07:15 28-Feb*
11057,RV,07:29 28-Feb,07:29 28-Feb*,07:30 28-Feb,07:30 28-Feb*
11057,BAU,07:48 28-Feb,07:48 28-Feb*,07:50 28-Feb,07:50 28-Feb*
11057,NPNR,08:13 28-Feb,08:13 28-Feb*,08:15 28-Feb,08:15 28-Feb*
11057,KNW,09:20 28-Feb,09:20 28-Feb*,09:25 28-Feb,09:25 28-Feb*
11057,TLV,09:41 28-Feb,09:41 28-Feb*,09:43 28-Feb,09:43 28-Feb*
11057,CAER,10:09 28-Feb,10:09 28-Feb*,10:11 28-Feb,10:11 28-Feb*
11057,KKN,10:44 28-Feb,10:44 28-Feb*,10:46 28-Feb,10:46 28-Feb*
11057,HD,11:13 28-Feb,11:13 28-Feb*,11:15 28-Feb,11:15 28-Feb*
11057,TBN,11:27 28-Feb,11:27 28-Feb*,11:29 28-Feb,11:29 28-Feb*
11057,BPF,11:51 28-Feb,11:51 28-Feb*,11:53 28-Feb,11:53 28-Feb*
11057,ET,12:40 28-Feb,12:40 28-Feb*,12:50 28-Feb,12:50 28-Feb*
11057,NDPM,13:08 28-Feb,13:08 28-Feb*,13:10 28-Feb,13:10 28-Feb*
11057,BNI,13:22 28-Feb,13:22 28-Feb*,13:23 28-Feb,13:23 28-Feb*
11057,ODG,14:11 28-Feb,14:11 28-Feb*,14:13 28-Feb,14:13 28-Feb*
11057,MDDP,14:25 28-Feb,14:25 28-Feb*,14:27 28-Feb,14:27 28-Feb*
11057,RKMP,15:03 28-Feb,15:03 28-Feb*,15:05 28-Feb,15:05 28-Feb*
11057,BPL,15:30 28-Feb,15:30 28-Feb*,15:35 28-Feb,15:35 28-Feb*
11057,BHS,16:13 28-Feb,16:13 28-Feb*,16:15 28-Feb,16:15 28-Feb*
11057,GLG,16:33 28-Feb,16:33 28-Feb*,16:35 28-Feb,16:35 28-Feb*
11057,BAQ,16:50 28-Feb,16:50 28-Feb*,16:52 28-Feb,16:52 28-Feb*
11057,MABA,17:22 28-Feb,17:22 28-Feb*,17:24 28-Feb,17:24 28-Feb*
11057,BINA  PF 4*,17:50 28-Feb,17:50 28-Feb*,17:55 28-Feb,17:55 28-Feb*
11057,DUA,18:22 28-Feb,18:22 28-Feb*,18:23 28-Feb,18:23 28-Feb*
11057,LAR  PF 3*,18:44 28-Feb,18:44 28-Feb*,18:46 28-Feb,18:46 28-Feb*
11057,TBT  PF 1*,19:14 28-Feb,19:14 28-Feb*,19:16 28-Feb,19:16 28-Feb*
11057,BAB  PF 1*,19:36 28-Feb,19:36 28-Feb*,19:38 28-Feb,19:38 28-Feb*
11057,VGLB  PF 4*,20:20 28-Feb,20:20 28-Feb*,20:28 28-Feb,20:28 28-Feb*
11057,DAA  PF 1*,20:52 28-Feb,20:52 28-Feb*,20:54 28-Feb,20:54 28-Feb*
11057,DBA,21:16 28-Feb,21:16 28-Feb*,21:18 28-Feb,21:18 28-Feb*
11057,GWL  PF 4*,21:54 28-Feb,21:54 28-Feb*,21:56 28-Feb,21:56 28-Feb*
11057,MRA  PF 2*,22:28 28-Feb,22:28 28-Feb*,22:30 28-Feb,22:30 28-Feb*
11057,DHO  PF 1*,23:13 28-Feb,23:13 28-Feb*,23:15 28-Feb,23:15 28-Feb*
11057,AGC  PF 3*,23:50 28-Feb,23:50 28-Feb*,23:55 28-Feb,23:55 28-Feb*
11057,MTJ  PF 4*,00:55 01-Mar,00:55 01-Mar*,01:00 01-Mar,01:00 01-Mar*
11057,KSV  PF 1*,01:30 01-Mar,01:30 01-Mar*,01:32 01-Mar,01:32 01-Mar*
11057,PWL  PF 4*,02:30 01-Mar,02:30 01-Mar*,02:32 01-Mar,02:32 01-Mar*
11057,FDB  PF 2*,02:54 01-Mar,02:54 01-Mar*,02:56 01-Mar,02:56 01-Mar*
11057,NZM  PF 3*,03:14 01-Mar,03:14 01-Mar*,03:16 01-Mar,03:16 01-Mar*
11057,NDLS  PF 5*,03:40 01-Mar,03:40 01-Mar*,03:55 01-Mar,03:55 01-Mar*
11057,SZM  PF 1*,04:08 01-Mar,04:08 01-Mar*,04:10 01-Mar,04:10 01-Mar*
11057,NUR  PF 2*,04:28 01-Mar,04:28 01-Mar*,04:30 01-Mar,04:30 01-Mar*
11057,SNP  PF 2*,04:44 01-Mar,04:44 01-Mar*,04:46 01-Mar,04:46 01-Mar*
11057,GNU  PF 2*,04:57 01-Mar,04:57 01-Mar*,04:59 01-Mar,04:59 01-Mar*
11057,SMK  PF 2*,05:12 01-Mar,05:12 01-Mar*,05:14 01-Mar,05:14 01-Mar*
11057,PNP  PF 3*,05:26 01-Mar,05:26 01-Mar*,05:28 01-Mar,05:28 01-Mar*
11057,KUN  PF 2*,05:52 01-Mar,05:52 01-Mar*,05:54 01-Mar,05:54 01-Mar*
11057,NLKR  PF 2*,06:05 01-Mar,06:05 01-Mar*,06:07 01-Mar,06:07 01-Mar*
11057,KKDE  PF 1*,06:21 01-Mar,06:21 01-Mar*,06:23 01-Mar,06:23 01-Mar*
11057,SHDM  PF 2*,06:41 01-Mar,06:41 01-Mar*,06:43 01-Mar,06:43 01-Mar*
11057,UMB  PF 6*,07:45 01-Mar,07:45 01-Mar*,07:58 01-Mar,07:58 01-Mar*
11057,UBC  PF 2*,08:09 01-Mar,08:09 01-Mar*,08:11 01-Mar,08:11 01-Mar*
11057,RPJ  PF 1*,08:38 01-Mar,08:38 01-Mar*,08:40 01-Mar,08:40 01-Mar*
11057,PTA  PF 1*,09:05 01-Mar,09:05 01-Mar*,09:10 01-Mar,09:10 01-Mar*
11057,NBA  PF 1*,09:39 01-Mar,09:39 01-Mar*,09:41 01-Mar,09:41 01-Mar*
11057,DUI  PF 1*,10:22 01-Mar,10:22 01-Mar*,10:40 01-Mar,10:40 01-Mar*
11057,MET  PF 1*,10:58 01-Mar,10:58 01-Mar*,11:00 01-Mar,11:00 01-Mar*
11057,AHH  PF 1*,11:31 01-Mar,11:31 01-Mar*,11:33 01-Mar,11:33 01-Mar*
11057,LDH  PF 5*,12:45 01-Mar,12:45 01-Mar*,12:55 01-Mar,12:55 01-Mar*
11057,PHR  PF 3*,13:09 01-Mar,13:09 01-Mar*,13:11 01-Mar,13:11 01-Mar*
11057,PGW  PF 2*,13:43 01-Mar,13:43 01-Mar*,13:45 01-Mar,13:45 01-Mar*
11057,JRC  PF 1*,14:02 01-Mar,14:02 01-Mar*,14:04 01-Mar,14:04 01-Mar*
11057,JUC  PF 1*,14:15 01-Mar,14:15 01-Mar*,14:20 01-Mar,14:20 01-Mar*
11057,BEAS  PF 1*,14:51 01-Mar,14:51 01-Mar*,14:53 01-Mar,14:53 01-Mar*
11057,JNL  PF 1*,15:35 01-Mar,15:35 01-Mar*,15:37 01-Mar,15:37 01-Mar*
11057,ASR  PF 4*,16:15 01-Mar,16:15 01-Mar*,DSTN,DSTN
imaginaryTrain1,PTA,15:35 01-Mar,15:35 01-Mar*,15:37 01-Mar,15:37 01-Mar*
imaginaryTrain1,PTA,23:36 01-Mar,15:35 01-Mar*,15:37 01-Mar,15:37 01-Mar*
imaginaryTrain1,PTA,23:36 25-Feb,15:35 01-Mar*,15:37 01-Mar,15:37 01-Mar*
imaginaryTrain1,PTA,23:30 25-Feb,15:35 01-Mar*,15:37 01-Mar,15:37 01-Mar*
imaginaryTrain1,PTA,01:26 25-Feb,15:35 01-Mar*,15:37 01-Mar,15:37 01-Mar*
